id,image_url,sequence,color,product
1,https://i.ibb.co/TKQfrDF/T800-HLDAS-white-front.jpg,1,White,T800HLDAS화이트쉘천연가죽
2,https://i.ibb.co/L68TzSB/T800-HLDAS-white-side.jpg,2,White,T800HLDAS화이트쉘천연가죽
3,https://i.ibb.co/TbPJC41/T800-HLDAS-blue-front.jpg,1,Blue,T800HLDAS화이트쉘천연가죽
4,https://i.ibb.co/frZq1rf/T800-HLDAS-blue-side.jpg,2,Blue,T800HLDAS화이트쉘천연가죽
5,https://i.ibb.co/brRb8J5/T800-HLDA-red-front.jpg,1,Red,T800HLDA메쉬
6,https://i.ibb.co/xMfMxVx/T800-HLDA-red-side.jpg,2,Red,T800HLDA메쉬
7,https://i.ibb.co/V3C5b59/T800-HLDA-white-front.jpg,1,White,T800HLDA메쉬
8,https://i.ibb.co/qJhT1P3/T800-HLDA-white-back.jpg,2,White,T800HLDA메쉬
9,https://i.ibb.co/ZJdqy17/ringo-front.jpg,1,White,링고고정형
10,https://i.ibb.co/JRrStkS/ringo-side.jpg,2,White,링고고정형
11,https://i.ibb.co/6NhDddf/ringo-front-blak.jpg,1,Black,링고고정형
12,https://i.ibb.co/YPtmD5P/ringo-side-black.jpg,2,Black,링고고정형
13,https://i.ibb.co/Qc0L49R/mitoo-front.jpg,1,Blue,미또회전형
14,https://i.ibb.co/1d9VyXg/mitoo-side.jpg,2,Blue,미또회전형
15,https://i.ibb.co/4tZWHLj/mitoo-front-01.jpg,1,Black,미또회전형
16,https://i.ibb.co/h9sRqq8/mitoo-side-02.jpg,2,Black,미또회전형
17,https://i.ibb.co/qWKy2tB/molti-front-red.png,1,Red,몰티_헬로베이비세트
18,https://i.ibb.co/nrG0Jnr/moti-side-red.png,2,Red,몰티_헬로베이비세트
19,https://i.ibb.co/4PsvS7X/molti-front-white.png,1,White,몰티_헬로베이비세트
20,https://i.ibb.co/vJ7pM5j/molti-top-white.png,2,White,몰티_헬로베이비세트
21,https://i.ibb.co/F3MYhT1/hello-blue-front.png,1,Blue,몰티_하이체어(+이유식세트포함)
22,https://i.ibb.co/Kmfxmqx/hello-blue-side.png,2,Blue,몰티_하이체어(+이유식세트포함)
23,https://i.ibb.co/G74k6Cj/hello-red-front.png,1,Red,몰티_하이체어(+이유식세트포함)
24,https://i.ibb.co/cTGfnDz/hello-red-side.png,2,Red,몰티_하이체어(+이유식세트포함)
25,https://i.ibb.co/KD2F3gM/parona-blue-front.jpg,1,Blue,PRONARD높은등
26,https://i.ibb.co/vQrtLy0/parona-blue-side.jpg,2,Blue,PRONARD높은등
27,https://i.ibb.co/27mMFq6/parona-front-white.jpg,1,White,PRONARD높은등
28,https://i.ibb.co/Ht0FHXX/parona-side-white.jpg,2,White,PRONARD높은등
29,https://i.ibb.co/QdLBrHP/chrome-white-front.jpg,1,White,VESTO크롬프레임
30,https://i.ibb.co/vk3124h/chrome-white-side.jpg,2,White,VESTO크롬프레임
31,https://i.ibb.co/3MZYxw2/chorme-black-front.jpg,1,Black,VESTO크롬프레임
32,https://i.ibb.co/kgX6VbP/chrome-sied-black.jpg,2,Black,VESTO크롬프레임